epoch,time,train/box_loss,train/cls_loss,train/dfl_loss,metrics/precision(B),metrics/recall(B),metrics/mAP50(B),metrics/mAP50-95(B),val/box_loss,val/cls_loss,val/dfl_loss,lr/pg0,lr/pg1,lr/pg2
1,59.3176,0.49946,1.51123,0.93267,1,0.85574,0.9501,0.88947,0.44472,2.20757,0.82168,0.00058,0.00058,0.00058
2,120.39,0.5062,0.92261,0.90218,0.94292,0.751,0.83481,0.74854,0.66427,1.90964,1.06311,0.00116832,0.00116832,0.00116832
3,178.196,0.52745,0.87555,0.90416,0.94022,0.9533,0.97763,0.87249,0.49026,1.10873,0.82876,0.00174476,0.00174476,0.00174476
4,234.701,0.59917,0.87976,0.93382,0.99829,0.98485,0.98679,0.88847,0.46603,1.00159,0.81669,0.0019406,0.0019406,0.0019406
5,291.066,0.51752,0.7897,0.8985,0.99938,0.9697,0.98439,0.89689,0.46162,0.85403,0.8101,0.0019208,0.0019208,0.0019208
6,353.933,0.46472,0.66717,0.88872,1,0.98421,0.98505,0.90649,0.4416,0.7814,0.79326,0.001901,0.001901,0.001901
7,414.803,0.50372,0.63912,0.89284,0.99857,1,0.995,0.89576,0.49084,0.71181,0.80268,0.0018812,0.0018812,0.0018812
8,473.825,0.48399,0.61616,0.91244,0.99872,1,0.995,0.88363,0.44603,0.62887,0.77135,0.0018614,0.0018614,0.0018614
9,534.048,0.48537,0.58987,0.88778,0.9443,0.89394,0.92694,0.8411,0.42767,0.79932,0.81762,0.0018416,0.0018416,0.0018416
10,593.935,0.46267,0.56137,0.88636,0.99905,1,0.995,0.94289,0.33717,0.56398,0.74157,0.0018218,0.0018218,0.0018218
11,654.84,0.45448,0.54855,0.89573,0.99842,1,0.995,0.95808,0.30472,0.51801,0.74635,0.001802,0.001802,0.001802
12,714.118,0.40102,0.48589,0.85854,0.99853,0.98485,0.99443,0.93661,0.32203,0.44589,0.74963,0.0017822,0.0017822,0.0017822
13,772.809,0.41763,0.4561,0.87375,0.95444,0.9522,0.97205,0.89286,0.34815,0.52891,0.76347,0.0017624,0.0017624,0.0017624
14,832.209,0.41089,0.45045,0.86606,0.99839,0.98485,0.99471,0.94778,0.33559,0.45025,0.7488,0.0017426,0.0017426,0.0017426
15,892.833,0.39384,0.43983,0.87871,0.99792,0.98485,0.9943,0.94383,0.33829,0.40118,0.74758,0.0017228,0.0017228,0.0017228
16,953.57,0.42311,0.41604,0.86346,0.96559,1,0.99412,0.94721,0.32166,0.40762,0.74831,0.001703,0.001703,0.001703
17,1013.92,0.38028,0.39242,0.87511,0.98394,1,0.9944,0.96102,0.25638,0.34834,0.72502,0.0016832,0.0016832,0.0016832
18,1074.43,0.37675,0.38979,0.849,1,0.99995,0.995,0.95063,0.30008,0.36666,0.74425,0.0016634,0.0016634,0.0016634
19,1133.65,0.38758,0.37945,0.85164,0.9964,1,0.995,0.93351,0.34397,0.37498,0.7609,0.0016436,0.0016436,0.0016436
20,1191.56,0.36974,0.35974,0.85956,0.99237,1,0.995,0.96041,0.27841,0.32263,0.73666,0.0016238,0.0016238,0.0016238
21,1250.68,0.41298,0.37903,0.86511,0.99129,0.98485,0.99457,0.95388,0.32226,0.32713,0.75033,0.001604,0.001604,0.001604
22,1309.46,0.37356,0.35224,0.86339,0.99625,1,0.995,0.95276,0.31399,0.30047,0.7419,0.0015842,0.0015842,0.0015842
23,1369.45,0.37373,0.34749,0.86466,0.97503,1,0.9944,0.94198,0.28717,0.2878,0.73223,0.0015644,0.0015644,0.0015644
24,1429.61,0.35598,0.32613,0.86544,0.99907,1,0.995,0.95759,0.2948,0.28864,0.73435,0.0015446,0.0015446,0.0015446
25,1490.58,0.34484,0.34018,0.85609,0.99898,1,0.995,0.95665,0.31667,0.30551,0.73742,0.0015248,0.0015248,0.0015248
26,1550.93,0.34165,0.32017,0.84508,0.99896,1,0.995,0.95199,0.31699,0.28323,0.73616,0.001505,0.001505,0.001505
27,1610.67,0.34838,0.32814,0.86247,0.98357,0.98485,0.98259,0.94521,0.28951,0.3275,0.73799,0.0014852,0.0014852,0.0014852
28,1669.08,0.34359,0.32266,0.84766,1,0.99881,0.995,0.95871,0.2821,0.28185,0.73768,0.0014654,0.0014654,0.0014654
29,1727.68,0.35695,0.32113,0.85575,0.99472,1,0.995,0.962,0.27204,0.26871,0.73107,0.0014456,0.0014456,0.0014456
30,1786.8,0.36172,0.3137,0.8612,0.99819,1,0.995,0.95452,0.30853,0.29207,0.74238,0.0014258,0.0014258,0.0014258
31,1846.03,0.3388,0.30859,0.86139,0.99888,1,0.995,0.94864,0.2734,0.26904,0.72929,0.001406,0.001406,0.001406
32,1905.5,0.36823,0.3095,0.84949,0.99905,1,0.995,0.95816,0.3016,0.2618,0.74458,0.0013862,0.0013862,0.0013862
33,1965.23,0.3418,0.2977,0.85829,0.99845,1,0.995,0.9559,0.28389,0.25519,0.72681,0.0013664,0.0013664,0.0013664
34,2025.32,0.34127,0.30325,0.84864,0.99872,1,0.995,0.96564,0.25319,0.2374,0.72698,0.0013466,0.0013466,0.0013466
35,2084.54,0.33871,0.28642,0.8546,0.99905,1,0.995,0.96563,0.24289,0.22712,0.72652,0.0013268,0.0013268,0.0013268
36,2142.79,0.37943,0.30784,0.86495,0.99894,1,0.995,0.95288,0.28463,0.24268,0.73752,0.001307,0.001307,0.001307
37,2201.6,0.3647,0.3162,0.85424,0.96057,0.98485,0.98994,0.93444,0.28928,0.25474,0.74649,0.0012872,0.0012872,0.0012872
38,2260.65,0.33006,0.29374,0.86069,0.99895,1,0.995,0.96833,0.27984,0.24076,0.72866,0.0012674,0.0012674,0.0012674
39,2320.29,0.3078,0.27445,0.84777,0.99557,1,0.995,0.96821,0.25928,0.22834,0.72698,0.0012476,0.0012476,0.0012476
40,2379.64,0.31435,0.27483,0.842,0.99565,1,0.995,0.96764,0.26241,0.21592,0.72403,0.0012278,0.0012278,0.0012278
41,2439.32,0.3115,0.28027,0.85125,0.99901,1,0.995,0.96237,0.26604,0.22881,0.72491,0.001208,0.001208,0.001208
42,2501.07,0.33242,0.28125,0.8567,0.99904,1,0.995,0.96836,0.26599,0.23244,0.72774,0.0011882,0.0011882,0.0011882
43,2560.68,0.32455,0.2873,0.8489,0.99914,1,0.995,0.95677,0.2391,0.21596,0.72402,0.0011684,0.0011684,0.0011684
44,2619.22,0.31533,0.27433,0.85832,0.99907,1,0.995,0.96605,0.25691,0.21623,0.72418,0.0011486,0.0011486,0.0011486
45,2677.13,0.30021,0.26287,0.84456,0.99908,1,0.995,0.96777,0.24233,0.2017,0.72241,0.0011288,0.0011288,0.0011288
46,2736.4,0.30175,0.25998,0.83523,0.98955,1,0.995,0.96358,0.26517,0.21043,0.72702,0.001109,0.001109,0.001109
47,2795.6,0.31237,0.26191,0.85509,0.98429,1,0.995,0.97134,0.24844,0.20971,0.72467,0.0010892,0.0010892,0.0010892
48,2855.56,0.30522,0.26403,0.84687,0.99838,1,0.995,0.97194,0.24852,0.19452,0.72209,0.0010694,0.0010694,0.0010694
49,2915.44,0.3088,0.25975,0.84847,0.99909,1,0.995,0.96721,0.25555,0.21549,0.72854,0.0010496,0.0010496,0.0010496
50,2975.67,0.3034,0.26021,0.84318,0.998,1,0.995,0.96473,0.26236,0.19373,0.72136,0.0010298,0.0010298,0.0010298
51,3035.06,0.29871,0.24767,0.83797,0.99872,1,0.995,0.96728,0.26184,0.22189,0.72367,0.00101,0.00101,0.00101
52,3093.5,0.2887,0.25587,0.83375,0.99799,1,0.995,0.96472,0.2488,0.23267,0.72166,0.0009902,0.0009902,0.0009902
53,3151.77,0.3083,0.25573,0.83829,0.99903,1,0.995,0.96366,0.25773,0.22905,0.72338,0.0009704,0.0009704,0.0009704
54,3210.3,0.3109,0.25455,0.84826,0.99901,1,0.995,0.96008,0.27933,0.23483,0.72707,0.0009506,0.0009506,0.0009506
55,3269.37,0.31322,0.26679,0.83195,0.99904,1,0.995,0.96885,0.24398,0.20572,0.72272,0.0009308,0.0009308,0.0009308
56,3329.72,0.28338,0.24557,0.83426,0.99848,1,0.995,0.97017,0.2273,0.19316,0.71667,0.000911,0.000911,0.000911
57,3389.65,0.29321,0.23731,0.8393,0.9991,1,0.995,0.98017,0.21691,0.17657,0.71796,0.0008912,0.0008912,0.0008912
58,3449.69,0.2934,0.23311,0.84205,0.99907,1,0.995,0.98102,0.21192,0.17762,0.7177,0.0008714,0.0008714,0.0008714
59,3508.95,0.26902,0.22031,0.84553,0.99854,1,0.995,0.97738,0.20524,0.1715,0.71725,0.0008516,0.0008516,0.0008516
60,3567.82,0.26848,0.22472,0.84256,0.99838,1,0.995,0.97321,0.23515,0.16993,0.71911,0.0008318,0.0008318,0.0008318
61,3627.09,0.27952,0.22912,0.84845,0.99453,1,0.995,0.97173,0.25677,0.17816,0.72444,0.000812,0.000812,0.000812
62,3686.65,0.27879,0.22641,0.8305,0.9848,1,0.995,0.97307,0.22871,0.18919,0.72057,0.0007922,0.0007922,0.0007922
63,3746.64,0.29102,0.23403,0.85136,0.98496,1,0.995,0.96381,0.25952,0.19904,0.72258,0.0007724,0.0007724,0.0007724
64,3806.69,0.26917,0.21933,0.83716,0.99909,1,0.995,0.9778,0.20523,0.17387,0.71419,0.0007526,0.0007526,0.0007526
65,3866.54,0.27515,0.22729,0.84718,0.99904,1,0.995,0.97454,0.22231,0.17741,0.7169,0.0007328,0.0007328,0.0007328
66,3926.19,0.28324,0.23891,0.8327,0.99896,1,0.995,0.97184,0.22073,0.17075,0.71622,0.000713,0.000713,0.000713
67,3989.78,0.26558,0.22899,0.83624,0.99906,1,0.995,0.97709,0.20932,0.17134,0.71367,0.0006932,0.0006932,0.0006932
68,4048.38,0.27026,0.23294,0.83489,0.99895,1,0.995,0.97747,0.23428,0.17405,0.71989,0.0006734,0.0006734,0.0006734
69,4105.83,0.2524,0.2196,0.83122,0.99906,1,0.995,0.9808,0.22655,0.17509,0.71704,0.0006536,0.0006536,0.0006536
70,4164.83,0.26751,0.2262,0.82515,0.99912,1,0.995,0.98296,0.21794,0.1664,0.71544,0.0006338,0.0006338,0.0006338
71,4224.7,0.26264,0.22075,0.83984,0.99913,1,0.995,0.97563,0.21841,0.17476,0.71629,0.000614,0.000614,0.000614
72,4284.63,0.25766,0.22231,0.8404,0.99912,1,0.995,0.97523,0.22109,0.18108,0.71594,0.0005942,0.0005942,0.0005942
73,4347.06,0.24983,0.22458,0.83845,0.99914,1,0.995,0.97289,0.23409,0.16982,0.71662,0.0005744,0.0005744,0.0005744
74,4409.99,0.29481,0.22814,0.86061,0.99911,1,0.995,0.97022,0.22161,0.17327,0.71533,0.0005546,0.0005546,0.0005546
75,4469.47,0.27016,0.21857,0.8353,0.99911,1,0.995,0.97491,0.22884,0.17979,0.72132,0.0005348,0.0005348,0.0005348
76,4526.18,0.24814,0.20168,0.83561,0.99913,1,0.995,0.97472,0.20961,0.1622,0.71625,0.000515,0.000515,0.000515
77,4585.43,0.23806,0.19954,0.84302,0.99913,1,0.995,0.97303,0.21124,0.16193,0.7162,0.0004952,0.0004952,0.0004952
78,4645.91,0.22982,0.19358,0.81714,0.99911,1,0.995,0.97744,0.20529,0.16199,0.71509,0.0004754,0.0004754,0.0004754
79,4707.21,0.24754,0.21372,0.83182,0.99911,1,0.995,0.97574,0.21396,0.16479,0.71493,0.0004556,0.0004556,0.0004556
80,4772.27,0.23132,0.19534,0.83063,0.99911,1,0.995,0.96893,0.22591,0.17624,0.71814,0.0004358,0.0004358,0.0004358
81,4846.72,0.23302,0.19834,0.83907,0.99911,1,0.995,0.9746,0.22293,0.16474,0.71467,0.000416,0.000416,0.000416
82,4923.59,0.23796,0.20269,0.83789,0.99912,1,0.995,0.98039,0.19768,0.15945,0.71277,0.0003962,0.0003962,0.0003962
83,4977.29,0.23053,0.1968,0.83074,0.99911,1,0.995,0.97998,0.19904,0.15456,0.71273,0.0003764,0.0003764,0.0003764
84,5020.09,0.24365,0.20384,0.82967,0.99909,1,0.995,0.97808,0.20132,0.15073,0.71348,0.0003566,0.0003566,0.0003566
85,5069.11,0.24246,0.20484,0.83374,0.99908,1,0.995,0.97418,0.21832,0.15715,0.71432,0.0003368,0.0003368,0.0003368
86,5140.26,0.22912,0.19448,0.84323,0.99908,1,0.995,0.97306,0.2101,0.14822,0.71198,0.000317,0.000317,0.000317
87,5219.05,0.21988,0.19025,0.84047,0.99911,1,0.995,0.97607,0.20694,0.15172,0.71274,0.0002972,0.0002972,0.0002972
88,5295.2,0.22834,0.19726,0.84332,0.99912,1,0.995,0.97845,0.19949,0.15299,0.71116,0.0002774,0.0002774,0.0002774
89,5372.09,0.22005,0.18753,0.82993,0.99912,1,0.995,0.97551,0.20013,0.14295,0.71279,0.0002576,0.0002576,0.0002576
90,5448.33,0.20964,0.1838,0.83356,0.99913,1,0.995,0.97722,0.21037,0.15453,0.71418,0.0002378,0.0002378,0.0002378
91,5523.77,0.18291,0.15993,0.79726,0.99913,1,0.995,0.97778,0.20631,0.15348,0.71288,0.000218,0.000218,0.000218
92,5599.01,0.18468,0.16594,0.77874,0.99914,1,0.995,0.9763,0.21351,0.16005,0.71411,0.0001982,0.0001982,0.0001982
93,5675.24,0.19173,0.16811,0.7818,0.99914,1,0.995,0.97267,0.21569,0.15877,0.71178,0.0001784,0.0001784,0.0001784
94,5748.11,0.19485,0.16425,0.80146,0.99912,1,0.995,0.97566,0.20261,0.15168,0.71197,0.0001586,0.0001586,0.0001586
95,5823.02,0.18034,0.15605,0.79222,0.99912,1,0.995,0.97633,0.19599,0.15286,0.71128,0.0001388,0.0001388,0.0001388
96,5895.71,0.18074,0.15229,0.78266,0.99912,1,0.995,0.97774,0.19358,0.14427,0.7105,0.000119,0.000119,0.000119
97,5968.18,0.17649,0.15526,0.81701,0.99913,1,0.995,0.97933,0.19541,0.14965,0.70976,9.92e-05,9.92e-05,9.92e-05
98,6041.2,0.17404,0.14759,0.80144,0.99913,1,0.995,0.97148,0.20412,0.14537,0.7105,7.94e-05,7.94e-05,7.94e-05
99,6115.91,0.17399,0.14751,0.77667,0.99913,1,0.995,0.97257,0.20309,0.14254,0.71014,5.96e-05,5.96e-05,5.96e-05
100,6186.2,0.16631,0.1405,0.79717,0.99913,1,0.995,0.97344,0.19827,0.14361,0.70949,3.98e-05,3.98e-05,3.98e-05
